Frame #,Pose data
0,{}
Frame #,Pose data
0,{}
Frame #,Pose data
0,{}
Frame #,Pose data
0,{}
Frame #,Pose data
0,{}
Frame #,Pose data
0,{}
Frame #,Pose data
0,{}
Frame #,Pose data
0,{}
Frame #,Pose data
0,{}
Frame #,Pose data
0,{}
Frame #,Pose data
0,{}
Frame #,Pose data
0,{}
Frame #,Pose data
0,{}
Frame #,Pose data
0,{}
Frame #,Pose data
0,{}
Frame #,Pose data
0,{}
Frame #,Pose data
0,{}
Frame #,Pose data
0,{}
Frame #,Pose data
0,{}
Frame #,Pose data
0,{}
Frame #,Pose data
0,{}
Frame #,Pose data
0,{}
Frame #,Pose data
0,{}
Frame #,Pose data
0,{}
Frame #,Pose data
0,{}
Frame #,Pose data
0,{}
Frame #,Pose data
0,{}
Frame #,Pose data
0,{}
Frame #,Pose data
0,{}
Frame #,Pose data
0,{}
Frame #,Pose data
0,{}
Frame #,Pose data
0,{}
Frame #,Pose data
0,{}
Frame #,Pose data
0,{}
Frame #,Pose data
0,{}
Frame #,Pose data
0,{}
Frame #,Pose data
0,{}
Frame #,Pose data
0,{}
Frame #,Pose data
0,{}
Frame #,Pose data
0,{}
Frame #,Pose data
0,{}
Frame #,Pose data
0,{}
Frame #,Pose data
0,{}
Frame #,Pose data
0,{}
Frame #,Pose data
0,{}
Frame #,Pose data
0,{}
Frame #,Pose data
0,{}
Frame #,Pose data
0,{}
Frame #,Pose data
0,{}
Frame #,Pose data
0,{}
Frame #,Pose data
0,{}
Frame #,Pose data
0,{}
Frame #,Pose data
0,{}
Frame #,Pose data
0,{}
Frame #,Pose data
0,{}
Frame #,Pose data
0,{}
Frame #,Pose data
0,{}
Frame #,Pose data
0,{}
Frame #,Pose data
0,{}
Frame #,Pose data
0,{}
Frame #,Pose data
0,{}
Frame #,Pose data
0,{}
Frame #,Pose data
0,{}
Frame #,Pose data
0,{}
Frame #,Pose data
0,{}
Frame #,Pose data
0,{}
Frame #,Pose data
0,{}
Frame #,Pose data
0,{}
Frame #,Pose data
0,{}
Frame #,Pose data
0,{}
Frame #,Pose data
0,{}
Frame #,Pose data
0,{}
Frame #,Pose data
0,{}
Frame #,Pose data
0,{}
Frame #,Pose data
0,{}
Frame #,Pose data
0,{}
Frame #,Pose data
0,{}
Frame #,Pose data
0,{}
Frame #,Pose data
0,{}
Frame #,Pose data
0,{}
Frame #,Pose data
0,{}
Frame #,Pose data
0,{}
Frame #,Pose data
0,{}
Frame #,Pose data
0,{}
Frame #,Pose data
0,{}
Frame #,Pose data
0,{}
Frame #,Pose data
0,{}
Frame #,Pose data
0,{}
Frame #,Pose data
0,{}
Frame #,Pose data
0,{}
Frame #,Pose data
0,{}
Frame #,Pose data
0,{}
Frame #,Pose data
0,{}
Frame #,Pose data
0,{}
Frame #,Pose data
0,{}
Frame #,Pose data
0,{}
Frame #,Pose data
0,{}
Frame #,Pose data
0,{}
Frame #,Pose data
0,{}
Frame #,Pose data
0,{}
Frame #,Pose data
0,{}
Frame #,Pose data
0,{}
Frame #,Pose data
0,{}
Frame #,Pose data
0,{}
Frame #,Pose data
0,{}
Frame #,Pose data
0,{}
Frame #,Pose data
0,{}
Frame #,Pose data
0,{}
Frame #,Pose data
0,{}
Frame #,Pose data
0,{}
Frame #,Pose data
0,{}
Frame #,Pose data
0,{}
Frame #,Pose data
0,{}
Frame #,Pose data
0,{}
Frame #,Pose data
0,{}
Frame #,Pose data
0,{}
Frame #,Pose data
0,{}
Frame #,Pose data
0,{}
Frame #,Pose data
0,{}
Frame #,Pose data
0,{}
Frame #,Pose data
0,{}
Frame #,Pose data
0,{}
Frame #,Pose data
0,{}
Frame #,Pose data
0,{}
Frame #,Pose data
0,{}
Frame #,Pose data
0,{}
Frame #,Pose data
0,{}
Frame #,Pose data
0,{}
Frame #,Pose data
0,{}
Frame #,Pose data
0,{}
Frame #,Pose data
0,{}
Frame #,Pose data
0,{}
Frame #,Pose data
0,{}
Frame #,Pose data
0,{}
Frame #,Pose data
0,{}
Frame #,Pose data
0,{}
Frame #,Pose data
0,{}
Frame #,Pose data
0,{}
Frame #,Pose data
0,{}
Frame #,Pose data
0,{}
Frame #,Pose data
0,{}
Frame #,Pose data
0,{}
Frame #,Pose data
0,{}
Frame #,Pose data
0,{}
Frame #,Pose data
0,{}
Frame #,Pose data
0,{}
Frame #,Pose data
0,{}
Frame #,Pose data
0,{}
Frame #,Pose data
0,{}
Frame #,Pose data
0,{}
Frame #,Pose data
0,{}
Frame #,Pose data
0,{}
Frame #,Pose data
0,{}
Frame #,Pose data
0,{}
Frame #,Pose data
0,{}
Frame #,Pose data
0,{}
Frame #,Pose data
0,{}
Frame #,Pose data
0,{}
Frame #,Pose data
0,{}
Frame #,Pose data
0,{}
Frame #,Pose data
0,{}
Frame #,Pose data
0,{}
Frame #,Pose data
0,{}
Frame #,Pose data
0,{}
Frame #,Pose data
0,{}
Frame #,Pose data
0,{}
Frame #,Pose data
0,{}
Frame #,Pose data
0,{}
Frame #,Pose data
0,{}
Frame #,Pose data
0,{}
Frame #,Pose data
0,{}
Frame #,Pose data
0,{}
Frame #,Pose data
0,{}
Frame #,Pose data
0,{}
Frame #,Pose data
0,{}
Frame #,Pose data
0,{}
Frame #,Pose data
0,{}
Frame #,Pose data
0,{}
Frame #,Pose data
0,{}
Frame #,Pose data
0,{}
Frame #,Pose data
0,{}
Frame #,Pose data
0,{}
Frame #,Pose data
0,{}
Frame #,Pose data
0,{}
Frame #,Pose data
0,{}
Frame #,Pose data
0,{}
Frame #,Pose data
0,{}
Frame #,Pose data
0,{}
Frame #,Pose data
0,{}
Frame #,Pose data
0,{}
Frame #,Pose data
0,{}
Frame #,Pose data
0,{}
Frame #,Pose data
0,{}
Frame #,Pose data
0,{}
Frame #,Pose data
0,{}
Frame #,Pose data
0,{}
Frame #,Pose data
0,{}
Frame #,Pose data
0,{}
Frame #,Pose data
0,{}
Frame #,Pose data
0,{}
Frame #,Pose data
0,{}
Frame #,Pose data
0,{}
Frame #,Pose data
0,{}
Frame #,Pose data
0,{}
Frame #,Pose data
0,{}
Frame #,Pose data
0,{}
Frame #,Pose data
0,{}
Frame #,Pose data
0,{}
Frame #,Pose data
0,{}
Frame #,Pose data
0,{}
Frame #,Pose data
